{

	"macroblocks" :
	{
		"Macroblock_0" :
		{
			"scissor_test" : false,
			"depth_check" : true,
			"depth_write" : true,
			"depth_function" : "less_equal",
			"depth_bias_constant" : 0,
			"depth_bias_slope_scale" : 0,
			"cull_mode" : "clockwise",
			"polygon_mode" : "solid"
		}
	},

	"blendblocks" :
	{
		"Blendblock_0" :
		{
			"alpha_to_coverage" : false,
			"blendmask" : "rgba",
			"separate_blend" : false,
			"src_blend_factor" : "one",
			"dst_blend_factor" : "zero",
			"blend_operation" : "add"
		}
	},

	"pbs" : 
	{
		"cornell_light" :
		{
			"macroblock" : "Macroblock_0",
			"blendblock" : "Blendblock_0",
			"shadow_const_bias" : 0.01,
			"workflow" : "metallic",
			"diffuse" :
			{
				"value" : [0.78, 0.78, 0.78],
				"background" : [1, 1, 1, 1]
			},
			"specular" :
			{
				"value" : [0, 0, 0]
			},
			"metalness" :
			{
				"value" : 0
			},
			"roughness" :
			{
				"value" : 1
			}
		},

		"cornell_ceiling" :
		{
			"macroblock" : "Macroblock_0",
			"blendblock" : "Blendblock_0",
			"shadow_const_bias" : 0.01,
			"workflow" : "metallic",
			"diffuse" :
			{
				"value" : [0.725, 0.71, 0.68],
				"background" : [1, 1, 1, 1]
			},
			"specular" :
			{
				"value" : [0, 0, 0]
			},
			"metalness" :
			{
				"value" : 0
			},
			"roughness" :
			{
				"value" : 1
			}
		},

		"cornell_leftWall" :
		{
			"macroblock" : "Macroblock_0",
			"blendblock" : "Blendblock_0",
			"shadow_const_bias" : 0.01,
			"workflow" : "metallic",
			"diffuse" :
			{
				"value" : [0.63, 0.065, 0.05],
				"background" : [1, 1, 1, 1]
			},
			"specular" :
			{
				"value" : [0, 0, 0]
			},
			"metalness" :
			{
				"value" : 0
			},
			"roughness" :
			{
				"value" : 1
			}
		},

		"cornell_backWall" :
		{
			"macroblock" : "Macroblock_0",
			"blendblock" : "Blendblock_0",
			"shadow_const_bias" : 0.01,
			"workflow" : "metallic",
			"diffuse" :
			{
				"value" : [0.725, 0.71, 0.68],
				"background" : [1, 1, 1, 1]
			},
			"specular" :
			{
				"value" : [0, 0, 0]
			},
			"metalness" :
			{
				"value" : 0
			},
			"roughness" :
			{
				"value" : 1
			}
		},

		"cornell_floor" :
		{
			"macroblock" : "Macroblock_0",
			"blendblock" : "Blendblock_0",
			"shadow_const_bias" : 0.01,
			"workflow" : "metallic",
			"diffuse" :
			{
				"value" : [0.725, 0.71, 0.68],
				"background" : [1, 1, 1, 1]
			},
			"specular" :
			{
				"value" : [0, 0, 0]
			},
			"metalness" :
			{
				"value" : 0
			},
			"roughness" :
			{
				"value" : 1
			}
		},

		"cornell_rightWall" :
		{
			"macroblock" : "Macroblock_0",
			"blendblock" : "Blendblock_0",
			"shadow_const_bias" : 0.01,
			"workflow" : "metallic",
			"diffuse" :
			{
				"value" : [0.14, 0.45, 0.091],
				"background" : [1, 1, 1, 1]
			},
			"specular" :
			{
				"value" : [0, 0, 0]
			},
			"metalness" :
			{
				"value" : 0
			},
			"roughness" :
			{
				"value" : 1
			}
		}
	}
}
